input,response,output
"通达股份融资融券信息显示，2023年4月28日融资净偿还418.84万元；融资余额1.47亿元，较前一日下降2.76%。                            
融资方面，当日融资买入878.45万元，融资偿还1297.3万元，融资净偿还418.84万元。融券方面，融券卖出0股，融券偿还0股，融券余量0股，融券余额0元。融资融券余额合计1.47亿元。          ",消极,中性
股价突破长期盘整：前30日在上下30%的幅度内整理，今日有效突破。资金流向数据：主力资金净流入219.30万元， 占总成交额26%， 其中超大单净流入0.00元， 大单净流入219.30万元， 散户资金净流入0.21万元。所属板块表现：农药兽药 -0.07%、预亏预减 0.32%、转债标的 0.05%等。,积极,积极
摘要：2023年05月04日复洁环保（688335）主力资金净流出65.92万元， 占总成交额-12%， 其中超大单净流入0.00元。资金流向数据，主力资金净流出65.92万元， 占总成交额-12%， 其中超大单净流入0.00元， 大单净流出65.92万元， 散户资金净流入0.08万元。Tips：股票中出现黑三兵后市走势需要根据具体情况去分析。（后续可根据位置判断具体输出结果）1、当黑三兵出现在高价位区域或一段大幅上升趋势后，暗示行情将有反转的可能，投资者应将手中的股票变现、出局观望。2、当黑三兵出现在低价位区域或大幅下跌或连续急跌之后，则表示行情将有可能探底，不多日或有止跌反弹的可能，投资者应多加关注，并在涨势确立后考虑做多。3、当黑三兵出现在下跌初期或途中，则是中继状态，后市依然看跌。这时仍然持股的投资者应果断卖出。,中性,消极
"以下是ST鹏博士在北京时间5月4日09:51分盘口异动快照：                            
                            
5月4日，ST鹏博士盘中加速下跌，5分钟内跌幅超过2%，截至9点51分，报5.08元，成交7769.88万元，换手率1.07%。                            
                            
分笔09:51:085.081891↓09:51:055.10227↑09:51:025.104761↓09:50:595.11298↓09:50:565.111860↓09:50:535.1235↓09:50:505.131473↑09:50:475.12434↓09:50:445.13298↓09:50:415.13643↓报价卖五5.1420卖四5.13369卖三5.12226卖二5.11810卖一5.1393买一5.081036买二5.07915买三5.062890买四5.057521买五-0最新：5.08涨幅：-4.51%涨跌：-0.24换手率：1.07%成交量：14.90万手成交额：7769.88万元主力净流入：-114.29万元                            
                            
  5月4日，                            
ST鹏博士                            
盘中加速下跌，5分钟内跌幅超过2%，截至9点51分，报5.08元，成交7769.88万元，换手率1.07%。         ",中性,消极
维持百胜中国(09987)“买入”评级，将2023-25年盈利预测上调8.3%至9.1%，同时将其目标价由554.6港元上调至582.7港元。公司系统销售同比回升17%，而同店销售则同比升8%，以及净销售时点信息系统(POS)增加了233个;餐厅利润率改善至20.3%，超越疫前水平，反映出管理层做法灵活。,积极,积极
