,input,response,output,cosine_s
0,2018年12月28日，2018贵州茅台全国经销商联谊会在茅台会议中心隆重举行，会上提出，2019年，将对茅台酒按3.1万吨左右的总量投放。　　2019年1月2日茅台公布2018年业绩预告及2019年营业收入目标。贵州茅台酒股份有限公司初步核算，2018年度生产茅台酒基酒约4.97万吨，系列酒基酒约2.05万吨；2018年度实现营业总收入750亿元左右，同比增长23%左右；实现归属于上市公司股东的净利润340亿元左右，同比增长25%左右。公司2019年度计划安排营业总收入增长14%。　　简评　　四季度收入利润超市场预期　　2018Q4营业总收入约200.31亿元，同比增长20.85%，归母净利润约92.66亿元，同比增长30.59%，超越我们此前2018年利润334亿（+23.3%）的业绩预期。预计全年发货量小幅低于去年同期，但全年非标酒占比预计进一步提升。　　公布2019年营业总收入计划增14%　　根据此前经销商大会公布2019年茅台酒销售计划为3.1万吨，其中经销商合同量1.7万吨（我们预计都是普飞配额），根据近两年草根调研数据了解到，普飞经销商每年配额在2-2.1万吨区间，由此推断取消经销商配额在3000-4000吨左右，预计未来此部分量将会投放至公司直销渠道。根据年报数据推算，目前直销渠道（专卖店+KA+电商直供）量约为2500吨，预计未来此部分将增量至6000吨左右，未来直营比例将提升至20%以上，预计合计营收增厚约95-100亿元。叠加金融板块和系列酒板块，预计茅台提出2019年营收完成855亿元，同比增14%无忧。　　未来批价判断　　近期普飞仍然供不应求，批价维持在1750元附近，公司2019年预计收回的经销商配额将全部投放在直营渠道和生产高附加值的非标产品，最大化创造收入。根据草根调研也了解到，茅台已经开始收回部分总经销产品的经营权转为直销，此类产品总量繁多，预计超100个SKU，每个产品的总量并不大，即便茅台收回投放直营渠道，对普飞的价格影响也较为有限。　　,"茅台新年利好重重, 经销商大会释放信心, 可见公司在未来发展潜力巨大。公司将继续优化结构, 调整渠道, 实现收入目标的超预期增长。考虑到公司过去几年的表现, 未来几年收入和EPS有望保持稳健增长。鉴于公司的行业地位和良好的增长前景, 维持买入评级。

投资建议：鉴于茅台公司的发展潜力, 我们维持买入评级。投资有风险, 决策需谨慎, 具体投资决策应根据个人的风险承受能力和投资目标进行。",**,0.0
1,　　苏宁金服拟独立融资，出售阿里股权回笼资金　　苏宁易购公告：1）子公司苏宁金服拟以460亿元投前估值向苏宁金控等融资100亿元，上市公司持股比例由50.1%降至41.2%（关联方苏宁金控持股45.9%），不再并表；2）完成阿里巴巴股票出售计划，出售价款合计约18.63亿美元，预计增加净利润52.05亿元；3）拟以不超过15元/股，回购5-10亿元上市公司股份，用于后续员工持股及股权激励（或其他维护公司价值及股东权益所必需）.我们认为：　　1）金服出表有利于上市公司改善资产负债及现金流结构，并为后续金服独立发展提供空间。苏宁金服主营消费及供应链金融业务，1-3Q18，苏宁金服经营净现金流出82.6亿元（17年净流出90.8亿元）。期末总资产313/总负债313/174亿元。出表后既减轻上市公司现金流压力，同时为苏宁金服搭建起更为灵活的资本运作平台。交易完成后，预计增加上市公司投资收益161.3亿元。　　2）本次出售后苏宁不再持有阿里巴巴股权，但阿里仍持有苏宁19.99%股权，不影响双方在零售、物流等领域持续合作，作为合作项目之一，合资公司猫宁电商（运营苏宁天猫旗舰店）1H18营收达184.6亿元（17全年143.3亿元），持续快速增长。　　零售+金融+物流三家马车渐成型，关注后续经营利润改善　　除金融外，苏宁物流17年完成对天天快递收购并组建物流集团，并于17年11月发起设立物流基金（目标总规模300亿，首期50亿已完成募资），用于高标物流仓储投资，零售+金融+物流三家马车渐成型。　　　　,"家电消费升级, 持续强化了苏宁在城市市场中的领先地位, 并推动了其在乡镇市场的渠道现代化, 这将成为其保持增长的关键。建议关注其利润端改善和非电品类经营上的突破。尽管当前家电整体消费趋缓, 我们仍然对苏宁的未来发展充满信心。考虑到公司历史低位估值（PS/PB）, 我们维持“买入”评级。

苏宁是一个有着深厚市场基础的零售巨头, 其在城市和乡镇市场的布局具有优势, 而且有望继续扩大这种优势。对于利润端的改善, 苏宁有诸多手段, 如优化成本结构, 提升运营效率等。同时, 其在非电品类经营上的突破, 也将为其带来新的增长动力。

然而, 投资有风险, 决策需谨慎。决策时应考虑自己的风险承受能力和投资目标。当前的预测仅是基于当前信息的基础推理, 实际的业绩可能会受到许多不可预见因素的影响。",好的，请提供您想要分析的新闻或研报文本，我将模仿上述格式，给出基于文本的投资建议。,0.020388349514563104
2,　　事件：第十届董事会第二十三次会议决议，股东珠海格力集团有限公司推荐董明珠、黄辉、望靖东、张伟为公司第十一届董事会非独立董事候选人;股东河北京海担保投资有限公司推荐张军督、郭书战为公司第十一届董事会非独立董事候选人;公司第十届董事会推荐刘姝威、邢子文、王晓华为公司第十一届董事会独立董事候选人。本议案尚需公司股东大会审议。　　格力新董事会成员提名公布，有助于缓解市场对不确定性的担心。此前，本届董事会到期未进行新一届提名，市场对董明珠的连任情况有一定顾虑。本次董明珠获得提名，黄辉、望靖东目前均为公司管理层，珠海格力集团新提名的张伟先生，目前是格力电器常务副总裁，且曾经担任格力电器管理层。京海担保此次提名董事中，张军督上届同样获得提名，新获提名的郭书战，目前是公司监事，上届的另一位提名董事为徐自发。此次公司不存在外部空降的常任董事提名人选。我们预计新的一届董事会将延续本届董事会的决策和管理风格，此前董明珠提出了2023年6000亿目标，预计后续公司将沿着家电品类拓展和行业多元化继续前进。　　分红率预期重回往年预期。公告同时指出，2019年1月16日召开2019年度第一次临时股东大会也将审议《关于公司2018年半年度利润分配的预案》，股权登记日为2019年1月11日。在公司董事会换届选举预期明朗化后，预计公司分红或将重回往年预期。　　公司看点回归基本面，格力11月终端零售弱改善。从中怡康数据看，11月空调行业零售量、零售额同比分别+2%、+5%，实现由负转正；其中格力、美的、海尔、奥克斯零售量同比分别+9%、-2%、-3%、+15%。格力在9-11月积极推动工厂巡展，降低渠道中的库存水平。从天猫数据来看，11月空调零售量和零售额同比分别-7.31%、-1.47%，较三季度情况略有改善。其中依然主要受到奥克斯拉动较为明显，当月奥克斯品牌零售量同比+26.2%，格力、美的品牌分别-20.0%、-12.2%。而11月出货端数据，格力、美的内销同比仍有双位数下滑，分为-17.5%、-18.8%，暂无明显改善。　　,"投资建议：基本面看, 格力多元化布局为其未来打开空间, 同时公司参与闻泰科技收购安世集团项目, 加码芯片相关业务, 协同发展潜力大。从估值看, 董事会提名出炉, 市场担忧或缓解, 且海外投资者对稳定增长的优质蓝筹的偏好不改。格力作为优质蓝筹, 维持“买入”评级。

推理预测：格力多元化布局为其未来发展打开空间, 且公司参与收购项目, 加码芯片相关业务, 协同发展潜力大。董事会提名情况可能影响市场情绪, 且海外投资者对格力保持偏好。基于以上因素, 建议投资者关注格力, 决策需谨慎, 考虑自身风险承受能力和投资目标进行投资。",好的，我来模仿以上格式，根据你提供的文本给出投资建议。,0.02837837837837838
3,"　　公司主营平板显示检测系统，营收快速增长　　公司主要产品是平板显示检测系统， 包括模组检测、 AOI 光学检测和 OLED 检测系统，其主要作用是用以确认平板显示器件良品与否并对不良品分类并加以解析提升产线良品率。受益于 LCD产能向大陆转移，公司近五年来营收保持快速增长， 2013 至 2018年营收复合增长率达 57.8%。　　国内面板行业投资力度大，平板显示检测设备显著受益　　面板产业属于重资产行业， 企业需要大量资金进行生产和研发，进而扩大生产规模、摊薄支出、降低成本。 目前， 在国家大力扶持下， 预计未来三年新增产能将主要来自中国大陆，其中京东方、华星光电和惠科电子等国内平板显示行业大型厂商将新增产线约 23 条，新增投资金额超过 6,500 亿元。 平板显示检测设备作为平板显示器件生产环节必须设备，市场空间十分广阔。　　Module 制程全覆盖， Cell 与 Array 制程国产替代空间大　　目前， 公司产品已覆盖 Module 制程的检测系统，并成功实现了Cell 制程产品的规模销售和 Array 制程产品的开发。我们认为，Cell 和 Array 制程国产替代空间较大，未来公司在 Cell 和 Array制程的设备有望逐步放量。　　切入半导体测试领域，公司开辟新赛道　　公司与韩国 IT&T 合作成立子公司， 进行半导体测试设备研发、生产。 我们认为， 相比平板显示， 半导体测试领域更为广阔。同时，国内半导体产业在政策和资金的助力下发展快速，通过切入半导体测试领域，公司有望开辟新赛道，打开新的增长空间。　　　　","投资建议：基于现有信息, 我们给予公司“买入”评级。具体理由如下：公司未来收入有望实现稳步增长, 利润水平有望保持稳定, 这得益于其强大的品牌影响力和市场地位。考虑到这些因素, 我们看好公司的长期发展前景, 并认为其具有较高的投资价值。请投资者根据自身风险承受能力和投资目标进行决策。",好的，请提供您想要分析的新闻或研报文本，我将根据您提供的案例格式，给出基于文本的投资建议。,0.03442622950819672
4, 卫星石化年产45万吨PDH二期项目于2018年12月29日完成试生产备案，公司PDH二期项目已符合试生产要求，具备投料试生产条件，本项目总投资金额为30.4亿元。　　简评　　全球丙烯供需格局改善，PDH价差持续扩大，盈利能力强劲：四季度丙烯价格为8635元/吨，相比三季度8836元/吨降低201元/吨，环比下跌2.27%；丙烯价差为3923元/吨，相对三季度3327元/吨扩大了596元/吨，环比增长17.9%；四季度PP粉料价格与价差分别为9803元/吨和1168元/吨，相比三季度9586元/吨和749元/吨扩大217元/吨和419元/吨，环比增长2.26%和55.9%。受益于全球丙烯供需格局改善，丙烯价格坚挺，随着原油价格下行，丙烷原料价格下降，PDH项目价差持续扩大；虽然未来2年国内新投丙烯产能较多，但是全球丙烯新增供给小于新增需求，丙烯开工率不断提升（当前约80%），丙烯全球化定价下PDH景气度持续向好；未来随着美国油气管道扩建的推进，丙烷供给能力将得到进一步的提升。新投45万吨项目投产后，公司利润有望增厚5亿以上。　　原料轻质化龙头企业，打通“丙烷-高附加值产品”全流程，盈利能力更进一步：公司专注丙烯酸一体化战略，实现“丙烷-丙烯-丙烯酸”到产品高分子材料的全产业链建设；同时横向发展C2产业链，成为进口乙烷制乙烯先驱者。公司目前已拥有45万吨丙烯产能及30万吨聚丙烯产能；同时45万吨PDH二期项目现已投料，预计2月份可开满；规划中的年产15万吨聚丙烯二期项目预计2019年一季度投产，36万吨丙烯酸及酯在19年下半年投产。随着PDH二期项目的投产，丙烯成本会进一步降低，丙烯及聚丙烯业务将为公司业绩带来稳定大幅增长，C3全产业链的综合效应将进一步提升，产业链竞争力将更加显著，市场话语权更强。　　乙烷裂解制备乙烯项目稳步推进，C2产业展翅待飞：公司与ETP合资建设美国第三个乙烷码头，保证乙烷原料供应，项目从源头先发制人，卫星石化有望成为国内首家进口美国乙烷的石化企业；乙烷运输船已完成水模实验，船位已定推进顺利，预计2020年8月交付，为乙烷运输保驾护航；连云港码头国家交通部已批复，储罐正打桩建设；整体项目推进符合预期，投产后有望带来数十亿净利润。　　,"投资建议：考虑到公司的长期发展潜力和市场前景, 我们维持对公司“买入”评级。具体来说, 公司未来三年的净利润有望持续增长, 具体增长幅度和速度取决于多种因素, 如市场环境、竞争状况、产品研发等。虽然我们无法给出具体的财务预测数据, 但公司的发展潜力值得关注。请注意, 投资有风险, 决策需谨慎。",**,0.0
